---CATEGORIES---,,,,,,
id,name,colorValue,,,,
cat_go,Did Go,4283215696,,,,
cat_no_go,Did Not Go,4294198070,,,,
cat_fast,Fast,4294940672,,,,
---ENTRIES---,,,,,,
id,date,title,description,categories,createdAt,updatedAt
9b1deb4d-3b7d-4bad-9bdd-2b0d7b3dcb6d,2025-11-21T01:16:00.000,Did go to gym,Wanted to have a start,Did Go,2025-11-21T01:16:00.000,2025-11-21T01:16:00.000
1a2deb4d-3b7d-4bad-9bdd-2b0d7b3dcb6d,2025-11-20T01:15:00.000,Did not go to gym,Sem paper and went out to jimmy burger,Did Not Go,2025-11-20T01:15:00.000,2025-11-20T01:15:00.000
2b3deb4d-3b7d-4bad-9bdd-2b0d7b3dcb6d,2025-11-19T01:15:00.000,Did not go to gym,Sem prep,Did Not Go,2025-11-19T01:15:00.000,2025-11-19T01:15:00.000
3c4deb4d-3b7d-4bad-9bdd-2b0d7b3dcb6d,2025-11-18T23:05:00.000,Did not go to gym,Paper sem + tired,Did Not Go,2025-11-18T23:05:00.000,2025-11-18T23:05:00.000
4d5deb4d-3b7d-4bad-9bdd-2b0d7b3dcb6d,2025-11-17T23:05:00.000,Did not go to gym,Sem prep,Did Not Go,2025-11-17T23:05:00.000,2025-11-17T23:05:00.000
5e6deb4d-3b7d-4bad-9bdd-2b0d7b3dcb6d,2025-11-16T23:04:00.000,Did not go to gym,Didi cha lagin also very tired after that and saw all members of family cry in one Day,Did Not Go,2025-11-16T23:04:00.000,2025-11-16T23:04:00.000
6f7deb4d-3b7d-4bad-9bdd-2b0d7b3dcb6d,2025-11-15T23:03:00.000,Did not go to gym,Wedding prep didi also had a good emotional conversation with didi,Did Not Go,2025-11-15T23:03:00.000,2025-11-15T23:03:00.000
7a8deb4d-3b7d-4bad-9bdd-2b0d7b3dcb6d,2025-11-14T23:03:00.000,Did not go to gym,Sem paper+ didi haldi,Did Not Go,2025-11-14T23:03:00.000,2025-11-14T23:03:00.000
8b9deb4d-3b7d-4bad-9bdd-2b0d7b3dcb6d,2025-11-13T23:02:00.000,Did not go to gym,Sem prep,Did Not Go,2025-11-13T23:02:00.000,2025-11-13T23:02:00.000
9c0deb4d-3b7d-4bad-9bdd-2b0d7b3dcb6d,2025-11-12T23:02:00.000,Did not go to gym,Didi mehndi work + sem prep,Did Not Go,2025-11-12T23:02:00.000,2025-11-12T23:02:00.000
0d1deb4d-3b7d-4bad-9bdd-2b0d7b3dcb6d,2025-11-11T23:02:00.000,Did not go to gym,Sem prep,Did Not Go,2025-11-11T23:02:00.000,2025-11-11T23:02:00.000
1a14fb90-12c4-11e5-b939-0800200c9a77,2025-07-30T22:49:00.000,Did not go to gym,Bored af,Did Not Go,2025-07-30T22:49:00.000,2025-07-30T22:49:00.000
2b24fb90-12c4-11e5-b939-0800200c9a78,2025-07-29T22:48:00.000,Did not go to gym,Bored af,Did Not Go,2025-07-29T22:48:00.000,2025-07-29T22:48:00.000
3c34fb90-12c4-11e5-b939-0800200c9a79,2025-07-28T22:46:00.000,Did not go to gym,Bored af,Did Not Go,2025-07-28T22:46:00.000,2025-07-28T22:46:00.000
4d44fb90-12c4-11e5-b939-0800200c9a80,2025-07-27T22:44:00.000,Did not go to gym,Woke up late,Did Not Go,2025-07-27T22:44:00.000,2025-07-27T22:44:00.000
5e54fb90-12c4-11e5-b939-0800200c9a81,2025-07-26T22:42:00.000,Did not go to gym,Chickened out and Bored af,Did Not Go,2025-07-26T22:42:00.000,2025-07-26T22:42:00.000
6f64fb90-12c4-11e5-b939-0800200c9a82,2025-07-25T22:41:00.000,Did not go to gym,Had gym gear with me but shoes and socks became wet in rain so didn't go to gym went directly to home,Did Not Go,2025-07-25T22:41:00.000,2025-07-25T22:41:00.000
7g74fb90-12c4-11e5-b939-0800200c9a83,2025-07-24T22:41:00.000,Did not go to gym,Chickened out and Bored af,Did Not Go,2025-07-24T22:41:00.000,2025-07-24T22:41:00.000
8h84fb90-12c4-11e5-b939-0800200c9a84,2025-07-23T22:40:00.000,Did go to gym,Wanted to start gym again,Did Go,2025-07-23T22:40:00.000,2025-07-23T22:40:00.000
9i94fb90-12c4-11e5-b939-0800200c9a85,2025-07-22T22:40:00.000,Did not go to gym,Chickened out and Bored af,Did Not Go,2025-07-22T22:40:00.000,2025-07-22T22:40:00.000
0j04fb90-12c4-11e5-b939-0800200c9a86,2025-07-21T22:40:00.000,Did not go to gym,Chickened out and Bored af,Did Not Go,2025-07-21T22:40:00.000,2025-07-21T22:40:00.000
1k14fb90-12c4-11e5-b939-0800200c9a87,2025-07-20T22:39:00.000,Did not go to gym,Woke up late,Did Not Go,2025-07-20T22:39:00.000,2025-07-20T22:39:00.000
2l24fb90-12c4-11e5-b939-0800200c9a88,2025-07-19T22:37:00.000,Did not go to gym,Chickened out and Bored af,Did Not Go,2025-07-19T22:37:00.000,2025-07-19T22:37:00.000
3m34fb90-12c4-11e5-b939-0800200c9a89,2025-07-18T22:37:00.000,Did not go to gym,Tired after college so didn't go,Did Not Go,2025-07-18T22:37:00.000,2025-07-18T22:37:00.000
4n44fb90-12c4-11e5-b939-0800200c9a90,2025-07-17T22:36:00.000,Did Go to the gym,Wanted to start gym again after recovery,Did Go,2025-07-17T22:36:00.000,2025-07-17T22:36:00.000
5o54fb90-12c4-11e5-b939-0800200c9a91,2025-07-16T22:35:00.000,Did not go to gym,Chickened out and Bored af,Did Not Go,2025-07-16T22:35:00.000,2025-07-16T22:35:00.000
6p64fb90-12c4-11e5-b939-0800200c9a92,2025-07-15T22:35:00.000,Did not go to gym,Chickened out and Bored af,Did Not Go,2025-07-15T22:35:00.000,2025-07-15T22:35:00.000
7q74fb90-12c4-11e5-b939-0800200c9a93,2025-07-14T22:35:00.000,Did not go to gym,Chickened out and Bored af,Did Not Go,2025-07-14T22:35:00.000,2025-07-14T22:35:00.000
8r84fb90-12c4-11e5-b939-0800200c9a94,2025-07-13T22:34:00.000,Did not go to gym,Day 7 of Fast beat last times record for current lowestalso woke up too late for gym,Did Not Go;Fast,2025-07-13T22:34:00.000,2025-07-13T22:34:00.000
9s94fb90-12c4-11e5-b939-0800200c9a95,2025-07-12T22:33:00.000,Did not go to gym,Day 6 of Fast was tired from yesterday's night out,Did Not Go;Fast,2025-07-12T22:33:00.000,2025-07-12T22:33:00.000
0t04fb90-12c4-11e5-b939-0800200c9a96,2025-07-11T22:33:00.000,Did not go to gym,Day 5 of Fast beat time recorded 92 and was tired but did do a nightout,Did Not Go;Fast,2025-07-11T22:33:00.000,2025-07-11T22:33:00.000
2b25fb90-12c4-11e5-b939-0800200c9a98,2025-07-10T22:30:00.000,Did not go to gym,Day 4 of Fast went to college but ducked out late did go out at night with friends,Did Not Go;Fast,2025-07-10T22:30:00.000,2025-07-10T22:30:00.000
3c35fb90-12c4-11e5-b939-0800200c9a99,2025-07-09T22:30:00.000,Did not go to gym,Day 3 of Fast was so tired,Did Not Go;Fast,2025-07-09T22:30:00.000,2025-07-09T22:30:00.000
4d45fb90-12c4-11e5-b939-0800200c9b00,2025-07-08T22:29:00.000,Did Go to the gym,Day 2 of fasting and went to gym,Did Go;Fast,2025-07-08T22:29:00.000,2025-07-08T22:29:00.000
5e55fb90-12c4-11e5-b939-0800200c9b01,2025-07-07T09:28:00.000,Did go to gym,Started a new sem and also started a 7 day Fast,Did Go;Fast,2025-07-07T09:28:00.000,2025-07-07T09:28:00.000
6f65fb90-12c4-11e5-b939-0800200c9b02,2025-07-06T09:26:00.000,Did not go to gym,Vacation fatigue,Did Not Go,2025-07-06T09:26:00.000,2025-07-06T09:26:00.000
7g75fb90-12c4-11e5-b939-0800200c9b03,2025-07-05T09:25:00.000,Did not go to gym,Vacation fatigue,Did Not Go,2025-07-05T09:25:00.000,2025-07-05T09:25:00.000
8h85fb90-12c4-11e5-b939-0800200c9b04,2025-07-04T09:25:00.000,Did not go to gym,Vacation fatigue,Did Not Go,2025-07-04T09:25:00.000,2025-07-04T09:25:00.000
9i95fb90-12c4-11e5-b939-0800200c9b05,2025-07-03T22:25:00.000,Did not go to gym,Had boils on hand and thought it would get infected so didn't go,Did Not Go,2025-07-03T22:25:00.000,2025-07-03T22:25:00.000
0j05fb90-12c4-11e5-b939-0800200c9b06,2025-07-02T22:25:00.000,Did not go to gym,Was bored and decided to get a mee day,Did Not Go,2025-07-02T22:25:00.000,2025-07-02T22:25:00.000
1k15fb90-12c4-11e5-b939-0800200c9b07,2025-07-01T16:49:00.000,Did go to gym,Was planning to go to gym in afternoon but pappa assigned some chenque work,Did Go,2025-07-01T16:49:00.000,2025-07-01T16:49:00.000
2l25fb90-12c4-11e5-b939-0800200c9b08,2025-06-30T21:43:00.000,Did not go to gym,Sat at home doing csc study and completed css,Did Not Go,2025-06-30T21:43:00.000,2025-06-30T21:43:00.000
3m35fb90-12c4-11e5-b939-0800200c9b09,2025-06-29T21:42:00.000,Did not go to gym,Woke up late,Did Not Go,2025-06-29T21:42:00.000,2025-06-29T21:42:00.000
4n45fb90-12c4-11e5-b939-0800200c9b10,2025-06-28T09:41:00.000,Did not go to gym,Vacation fatigue,Did Not Go,2025-06-28T09:41:00.000,2025-06-28T09:41:00.000
5o55fb90-12c4-11e5-b939-0800200c9b11,2025-06-27T09:41:00.000,Did not go to gym,Vacation fatigue,Did Not Go,2025-06-27T09:41:00.000,2025-06-27T09:41:00.000
6p65fb90-12c4-11e5-b939-0800200c9b12,2025-06-26T09:40:00.000,Did not go to gym,Vacation fatigue,Did Not Go,2025-06-26T09:40:00.000,2025-06-26T09:40:00.000
7q75fb90-12c4-11e5-b939-0800200c9b13,2025-06-25T22:15:00.000,Did not go to gym,Wanted a fresh start from Tomorrow,Did Not Go,2025-06-25T22:15:00.000,2025-06-25T22:15:00.000
8r85fb90-12c4-11e5-b939-0800200c9b14,2025-06-24T12:47:00.000,Did not go to gym,Incompetence and bored and lazy,Did Not Go,2025-06-24T12:47:00.000,2025-06-24T12:47:00.000
9s95fb90-12c4-11e5-b939-0800200c9b15,2025-06-23T12:46:00.000,Did not go to gym,Incompetence,Did Not Go,2025-06-23T12:46:00.000,2025-06-23T12:46:00.000
0t05fb90-12c4-11e5-b939-0800200c9b16,2025-06-22T12:46:00.000,Did not go to gym,Incompetence,Did Not Go,2025-06-22T12:46:00.000,2025-06-22T12:46:00.000
1u15fb90-12c4-11e5-b939-0800200c9b17,2025-06-21T12:46:00.000,Did not go to gym,Incompetence,Did Not Go,2025-06-21T12:46:00.000,2025-06-21T12:46:00.000
2v25fb90-12c4-11e5-b939-0800200c9b18,2025-06-20T22:33:00.000,Did not go to gym,Went for interview got the job Went to dermat for initial consultation also gave dogi a treat in merwans ,Did Not Go,2025-06-20T22:33:00.000,2025-06-20T22:33:00.000
4x45fb90-12c4-11e5-b939-0800200c9b20,2025-06-19T22:46:00.000,Did not go to gym,Vacation fatigue,Did Not Go,2025-06-19T22:46:00.000,2025-06-19T22:46:00.000
5y55fb90-12c4-11e5-b939-0800200c9b21,2025-06-18T22:46:00.000,Did not go to gym,Went to parel for sanchi birthday,Did Not Go,2025-06-18T22:46:00.000,2025-06-18T22:46:00.000
6z65fb90-12c4-11e5-b939-0800200c9b22,2025-06-17T22:44:00.000,Did not go to gym,Vacation fatigue,Did Not Go,2025-06-17T22:44:00.000,2025-06-17T22:44:00.000
7a75fb90-12c4-11e5-b939-0800200c9b23,2025-06-16T22:43:00.000,Did Go to gym,Wanted to go to gym and took the leap,Did Go,2025-06-16T22:43:00.000,2025-06-16T22:43:00.000
8b85fb90-12c4-11e5-b939-0800200c9b24,2025-06-15T22:43:00.000,Did not go to gym,Woke up late,Did Not Go,2025-06-15T22:43:00.000,2025-06-15T22:43:00.000
9c95fb90-12c4-11e5-b939-0800200c9b25,2025-06-14T22:43:00.000,Did not go to gym,Vacation fatigue,Did Not Go,2025-06-14T22:43:00.000,2025-06-14T22:43:00.000
0d05fb90-12c4-11e5-b939-0800200c9b26,2025-06-13T22:41:00.000,Did not go to gym,Vacation fatigue,Did Not Go,2025-06-13T22:41:00.000,2025-06-13T22:41:00.000
1e15fb90-12c4-11e5-b939-0800200c9b27,2025-06-12T22:41:00.000,Did not go to gym,Vacation fatigue,Did Not Go,2025-06-12T22:41:00.000,2025-06-12T22:41:00.000
2f25fb90-12c4-11e5-b939-0800200c9b28,2025-06-11T22:40:00.000,Did not go to gym,Vacation fatigue,Did Not Go,2025-06-11T22:40:00.000,2025-06-11T22:40:00.000
3g35fb90-12c4-11e5-b939-0800200c9b29,2025-06-10T22:40:00.000,Did not go to gym,Vacation fatigue,Did Not Go,2025-06-10T22:40:00.000,2025-06-10T22:40:00.000
4h45fb90-12c4-11e5-b939-0800200c9b30,2025-06-09T22:40:00.000,Did go to gym,Wanted to start going to gym,Did Go,2025-06-09T22:40:00.000,2025-06-09T22:40:00.000
5i55fb90-12c4-11e5-b939-0800200c9b31,2025-06-08T22:39:00.000,Did not go to gym,Was tired after shopping for 2 days and woke up late,Did Not Go,2025-06-08T22:39:00.000,2025-06-08T22:39:00.000
6j65fb90-12c4-11e5-b939-0800200c9b32,2025-06-07T22:38:00.000,Did not go to gym,Went to dadar for dogi saree shopping,Did Not Go,2025-06-07T22:38:00.000,2025-06-07T22:38:00.000
7k75fb90-12c4-11e5-b939-0800200c9b33,2025-06-06T22:37:00.000,Did not go to gym,Went to crawford and for dogi wedding card and mummmy fell,Did Not Go,2025-06-06T22:37:00.000,2025-06-06T22:37:00.000
8l85fb90-12c4-11e5-b939-0800200c9b34,2025-06-05T22:36:00.000,Did not go to gym,Vacation fatigue got the best of me,Did Not Go,2025-06-05T22:36:00.000,2025-06-05T22:36:00.000
9m95fb90-12c4-11e5-b939-0800200c9b35,2025-06-04T22:35:00.000,Did go to gym,Tried  to fight vacation fatigue,Did Go,2025-06-04T22:35:00.000,2025-06-04T22:35:00.000
0n05fb90-12c4-11e5-b939-0800200c9b36,2025-06-03T22:34:00.000,Did not go to gym,Vacation fatigue,Did Not Go,2025-06-03T22:34:00.000,2025-06-03T22:34:00.000
1o15fb90-12c4-11e5-b939-0800200c9b37,2025-06-02T00:28:00.000,Did not go to gym,Day 7\nFast day,Did Not Go;Fast,2025-06-02T00:28:00.000,2025-11-22T18:06:42.023642
2p25fb90-12c4-11e5-b939-0800200c9b38,2025-06-01T22:26:00.000,Did not go to gym,Day 6\nNo stiffness as such but saw weight gain,Did Not Go;Fast,2025-06-01T22:26:00.000,2025-06-01T22:26:00.000
3q35fb90-12c4-11e5-b939-0800200c9b39,2025-05-31T22:25:00.000,Did not go to gym,Day 5\nWent to see halls for dogi,Did Not Go;Fast,2025-05-31T22:25:00.000,2025-05-31T22:25:00.000
6t65fb90-12c4-11e5-b939-0800200c9b42,2025-05-30T01:57:00.000,Did not go to gym,Day 4\nTired today as well,Did Not Go;Fast,2025-05-30T01:57:00.000,2025-05-30T01:57:00.000
7u75fb90-12c4-11e5-b939-0800200c9b43,2025-05-29T01:56:00.000,Did not go to gym,Day 3\nTired today as well,Did Not Go;Fast,2025-05-29T01:56:00.000,2025-05-29T01:56:00.000
8v85fb90-12c4-11e5-b939-0800200c9b44,2025-05-28T01:55:00.000,Did not go to gym,Day 2 of Fasting\nTired today as well,Did Not Go;Fast,2025-05-28T01:55:00.000,2025-05-28T01:55:00.000
9w95fb90-12c4-11e5-b939-0800200c9b45,2025-05-27T01:54:00.000,Did not go to gym,7 day Fast begun at 12:00 on 25th so\nFeeling the first day,Did Not Go;Fast,2025-05-27T01:54:00.000,2025-05-27T01:54:00.000
0x05fb90-12c4-11e5-b939-0800200c9b46,2025-05-26T01:54:00.000,Did not go to gym,Last paper day went out with friends ACE,Did Not Go,2025-05-26T01:54:00.000,2025-05-26T01:54:00.000
1y15fb90-12c4-11e5-b939-0800200c9b47,2025-05-25T01:54:00.000,Did not go to gym,Sem prep for Last paper,Did Not Go,2025-05-25T01:54:00.000,2025-05-25T01:54:00.000
2z25fb90-12c4-11e5-b939-0800200c9b48,2025-05-24T01:53:00.000,Did not go to gym,Sem prep,Did Not Go,2025-05-24T01:53:00.000,2025-05-24T01:53:00.000
3a35fb90-12c4-11e5-b939-0800200c9b49,2025-05-23T01:53:00.000,Did not go to gym,Sem prep,Did Not Go,2025-05-23T01:53:00.000,2025-05-23T01:53:00.000
4b45fb90-12c4-11e5-b939-0800200c9b50,2025-05-22T01:53:00.000,Did not go to gym,Sem prep and dogis bolni so tired ,Did Not Go,2025-05-22T01:53:00.000,2025-05-22T01:53:00.000
5c55fb90-12c4-11e5-b939-0800200c9b51,2025-05-21T01:52:00.000,Did not go to gym,Sem prep,Did Not Go,2025-05-21T01:52:00.000,2025-05-21T01:52:00.000
6d65fb90-12c4-11e5-b939-0800200c9b52,2025-05-20T01:52:00.000,Did not go to gym,Paper so tired of,Did Not Go,2025-05-20T01:52:00.000,2025-05-20T01:52:00.000
7e75fb90-12c4-11e5-b939-0800200c9b53,2025-05-19T01:52:00.000,Did not go to gym,Sem paper prep,Did Not Go,2025-05-19T01:52:00.000,2025-05-19T01:52:00.000
8f85fb90-12c4-11e5-b939-0800200c9b54,2025-05-18T01:52:00.000,Did not go to gym,Sem prep and dog s bday so tired,Did Not Go,2025-05-18T01:52:00.000,2025-05-18T01:52:00.000
9g95fb90-12c4-11e5-b939-0800200c9b55,2025-05-17T01:51:00.000,Did not go to gym,Sem prep,Did Not Go,2025-05-17T01:51:00.000,2025-05-17T01:51:00.000
0h05fb90-12c4-11e5-b939-0800200c9b56,2025-05-16T01:51:00.000,Did not go to gym,Paper and tired af,Did Not Go,2025-05-16T01:51:00.000,2025-05-16T01:51:00.000
1i15fb90-12c4-11e5-b939-0800200c9b57,2025-05-15T01:51:00.000,Did not go to gym,Sem prep and paper prep,Did Not Go,2025-05-15T01:51:00.000,2025-05-15T01:51:00.000
2j25fb90-12c4-11e5-b939-0800200c9b58,2025-05-14T01:50:00.000,Did not go to gym,Paper sem and tired af,Did Not Go,2025-05-14T01:50:00.000,2025-05-14T01:50:00.000
3k35fb90-12c4-11e5-b939-0800200c9b59,2025-05-13T01:50:00.000,Did not go to gym,Sem chat and sem prep,Did Not Go,2025-05-13T01:50:00.000,2025-05-13T01:50:00.000
4l45fb90-12c4-11e5-b939-0800200c9b5a,2025-05-12T01:50:00.000,Did not go to gym,Sem prep,Did Not Go,2025-05-12T01:50:00.000,2025-05-12T01:50:00.000
5m55fb90-12c4-11e5-b939-0800200c9b5b,2025-05-11T01:50:00.000,Did not go to gym,Sem prep,Did Not Go,2025-05-11T01:50:00.000,2025-05-11T01:50:00.000
6n65fb90-12c4-11e5-b939-0800200c9b5c,2025-05-10T01:49:00.000,Did not go to gym,Sem prep,Did Not Go,2025-05-10T01:49:00.000,2025-05-10T01:49:00.000
7o75fb90-12c4-11e5-b939-0800200c9b5d,2025-05-09T01:49:00.000,Did not go to gym,Sem prep,Did Not Go,2025-05-09T01:49:00.000,2025-05-09T01:49:00.000
8p85fb90-12c4-11e5-b939-0800200c9b5e,2025-05-08T01:48:00.000,Did go to gym,Wanted to go to gym so went,Did Go,2025-05-08T01:48:00.000,2025-05-08T01:48:00.000
9q95fb90-12c4-11e5-b939-0800200c9b5f,2025-05-07T01:48:00.000,Did not go to gym,Bored and started sem prep,Did Not Go,2025-05-07T01:48:00.000,2025-05-07T01:48:00.000
0r05fb90-12c4-11e5-b939-0800200c9b60,2025-05-06T01:47:00.000,Did not go to gym,Bored,Did Not Go,2025-05-06T01:47:00.000,2025-05-06T01:47:00.000
1s15fb90-12c4-11e5-b939-0800200c9b61,2025-05-04T22:56:00.000,Did not go to gym,Woke up late and revised day also,Did Not Go,2025-05-04T22:56:00.000,2025-05-04T22:56:00.000
2t25fb90-12c4-11e5-b939-0800200c9b62,2025-05-03T22:56:00.000,Did not go to gym,Was bored and lazy,Did Not Go,2025-05-03T22:56:00.000,2025-05-03T22:56:00.000
3u35fb90-12c4-11e5-b939-0800200c9b63,2025-05-02T22:56:00.000,Did not go to gym,Was tired and didn't go to gym,Did Not Go,2025-05-02T22:56:00.000,2025-05-02T22:56:00.000
4v45fb90-12c4-11e5-b939-0800200c9b64,2025-05-01T22:56:00.000,Did not go to gym,Birthday so didn't go,Did Not Go,2025-05-01T22:56:00.000,2025-05-01T22:56:00.000
5w55fb90-12c4-11e5-b939-0800200c9b65,2025-04-30T23:11:00.000,Did go to gym,Went to gym to avoid talking to home croud ,Did Go,2025-04-30T23:11:00.000,2025-04-30T23:11:00.000
6x65fb90-12c4-11e5-b939-0800200c9b66,2025-04-29T12:01:00.000,Did not go to gym,Viva final and continued ultra Fast Day 2,Did Not Go;Fast,2025-04-29T12:01:00.000,2025-04-29T12:01:00.000
7y75fb90-12c4-11e5-b939-0800200c9b67,2025-04-28T23:03:00.000,Did not go to gym,Had viva and started Ultra Fast,Did Not Go;Fast,2025-04-28T23:03:00.000,2025-04-28T23:03:00.000
8z85fb90-12c4-11e5-b939-0800200c9b68,2025-04-27T23:02:00.000,Did not go to gym,Went to buy chicken and didn't go,Did Not Go,2025-04-27T23:02:00.000,2025-04-27T23:02:00.000
9a95fb90-12c4-11e5-b939-0800200c9b69,2025-04-26T23:01:00.000,Did go to gym,After completing a 63 hr ultra Fast went to gym,Did Go;Fast,2025-04-26T23:01:00.000,2025-04-26T23:01:00.000
0b05fb90-12c4-11e5-b939-0800200c9b6a,2025-04-25T23:01:00.000,Did not go to gym,Tired after viva and sleep deprivation continued the ultra Fast,Did Go;Fast,2025-04-25T23:01:00.000,2025-04-25T23:01:00.000
1c15fb90-12c4-11e5-b939-0800200c9b6b,2025-04-24T23:00:00.000,Did not go to gym,Tired after election duty equality star plus,Did Not Go,2025-04-24T23:00:00.000,2025-04-24T23:00:00.000
2d25fb90-12c4-11e5-b939-0800200c9b6c,2025-04-23T23:00:00.000,Did not go to gym,Tired after viva and slept,Did Not Go,2025-04-23T23:00:00.000,2025-04-23T23:00:00.000
3e35fb90-12c4-11e5-b939-0800200c9b6d,2025-04-22T23:00:00.000,Did not go to gym,Tired after viva and slept,Did Not Go,2025-04-22T23:00:00.000,2025-04-22T23:00:00.000
4f45fb90-12c4-11e5-b939-0800200c9b6e,2025-04-21T23:00:00.000,Did go to gym,Went to gym,Did Go,2025-04-21T23:00:00.000,2025-04-21T23:00:00.000
5g55fb90-12c4-11e5-b939-0800200c9b6f,2025-04-20T23:00:00.000,Did not go to gym,Rest day,Did Not Go,2025-04-20T23:00:00.000,2025-04-20T23:00:00.000
7i75fb90-12c4-11e5-b939-0800200c9b71,2025-04-19T11:27:00.000,Did not go to gym,Bored,Did Not Go,2025-04-19T11:27:00.000,2025-04-19T11:27:00.000
8j85fb90-12c4-11e5-b939-0800200c9b72,2025-04-18T11:27:00.000,Did not go to gym,Good Friday,Did Not Go,2025-04-18T11:27:00.000,2025-04-18T11:27:00.000
9k95fb90-12c4-11e5-b939-0800200c9b73,2025-04-17T11:26:00.000,Did not go to gym,Ut end and slept till 9 pm,Did Not Go,2025-04-17T11:26:00.000,2025-04-17T11:26:00.000
0l05fb90-12c4-11e5-b939-0800200c9b74,2025-04-16T11:26:00.000,Did not go to gym,Ut going on,Did Not Go,2025-04-16T11:26:00.000,2025-04-16T11:26:00.000
1m15fb90-12c4-11e5-b939-0800200c9b75,2025-04-15T11:26:00.000,Did not go to gym,Ut going on,Did Not Go,2025-04-15T11:26:00.000,2025-04-15T11:26:00.000
2n25fb90-12c4-11e5-b939-0800200c9b76,2025-04-14T11:25:00.000,Did not go to gym,Ut start,Did Not Go,2025-04-14T11:25:00.000,2025-04-14T11:25:00.000
3o35fb90-12c4-11e5-b939-0800200c9b77,2025-04-13T11:25:00.000,Did not go to gym,Ut prep,Did Not Go,2025-04-13T11:25:00.000,2025-04-13T11:25:00.000
4p45fb90-12c4-11e5-b939-0800200c9b78,2025-04-12T11:25:00.000,Did not go to gym,Ut prep,Did Not Go,2025-04-12T11:25:00.000,2025-04-12T11:25:00.000
5q55fb90-12c4-11e5-b939-0800200c9b79,2025-04-11T11:24:00.000,Did not go to gym,Ut prep,Did Not Go,2025-04-11T11:24:00.000,2025-04-11T11:24:00.000
6r65fb90-12c4-11e5-b939-0800200c9b80,2025-04-10T11:23:00.000,Did not go to gym,Didi birthday and mahavir jayanti,Did Not Go,2025-04-10T11:23:00.000,2025-04-10T11:23:00.000
7s75fb90-12c4-11e5-b939-0800200c9b81,2025-04-09T11:23:00.000,Did not go to gym,Went to samay tohave didi  birthday dinner,Did Not Go,2025-04-09T11:23:00.000,2025-04-09T11:23:00.000
8t85fb90-12c4-11e5-b939-0800200c9b82,2025-04-08T22:46:00.000,Did go to gym,Went to gym so was out of the out of rhythm,Did Go,2025-04-08T22:46:00.000,2025-04-08T22:46:00.000
9u95fb90-12c4-11e5-b939-0800200c9b83,2025-04-07T22:46:00.000,Did not go to gym,Didn't go because tired from neon cricket in fest,Did Not Go,2025-04-07T22:46:00.000,2025-04-07T22:46:00.000
0v05fb90-12c4-11e5-b939-0800200c9b84,2025-04-06T22:47:00.000,Did not go to gym,Didn't get up in time and Sunday,Did Not Go,2025-04-06T22:47:00.000,2025-04-06T22:47:00.000
1w15fb90-12c4-11e5-b939-0800200c9b85,2025-04-05T22:47:00.000,Didn't go to gym,Bored and lazy,Did Not Go,2025-04-05T22:47:00.000,2025-04-05T22:47:00.000
2x25fb90-12c4-11e5-b939-0800200c9b86,2025-04-04T22:46:00.000,Did not go to gym,Bored and laziness,Did Not Go,2025-04-04T22:46:00.000,2025-04-04T22:46:00.000
3y35fb90-12c4-11e5-b939-0800200c9b87,2025-04-03T22:46:00.000,Did not go to gym,Just didn't go,Did Not Go,2025-04-03T22:46:00.000,2025-04-03T22:46:00.000
4z45fb90-12c4-11e5-b939-0800200c9b88,2025-04-02T22:46:00.000,Did not go to gym,Bored and laziness,Did Not Go,2025-04-02T22:46:00.000,2025-04-02T22:46:00.000
5a55fb90-12c4-11e5-b939-0800200c9b89,2025-04-01T23:06:00.000,Did not go to gym,Slept due to tired ness,Did Not Go,2025-04-01T23:06:00.000,2025-04-01T23:06:00.000
6b65fb90-12c4-11e5-b939-0800200c9b90,2025-03-31T22:57:00.000,Did not go to gym,Eid gym Closed,Did Not Go,2025-03-31T22:57:00.000,2025-03-31T22:57:00.000
7c75fb90-12c4-11e5-b939-0800200c9b91,2025-03-30T22:57:00.000,Did not go to gym,Sunday rest and gudi padva,Did Not Go,2025-03-30T22:57:00.000,2025-03-30T22:57:00.000
8d85fb90-12c4-11e5-b939-0800200c9b92,2025-03-29T22:56:00.000,Did not go to gym,Was tired after going to funeral,Did Not Go,2025-03-29T22:56:00.000,2025-03-29T22:56:00.000
9e95fb90-12c4-11e5-b939-0800200c9b93,2025-03-28T22:56:00.000,Did not go to gym,Was bored and leg day sip,Did Not Go,2025-03-28T22:56:00.000,2025-03-28T22:56:00.000
0f05fb90-12c4-11e5-b939-0800200c9b94,2025-03-27T22:56:00.000,Did Go to gym,Started gym again,Did Go,2025-03-27T22:56:00.000,2025-03-27T22:56:00.000
1g15fb90-12c4-11e5-b939-0800200c9b95,2025-03-26T22:55:00.000,Did not go to gym,Was bored andfat mitesh started to take over,Did Not Go,2025-03-26T22:55:00.000,2025-03-26T22:55:00.000
2h25fb90-12c4-11e5-b939-0800200c9b96,2025-03-25T22:55:00.000,Did not go to gym,Was bored and lazy,Did Not Go,2025-03-25T22:55:00.000,2025-03-25T22:55:00.000
3i35fb90-12c4-11e5-b939-0800200c9b97,2025-03-24T22:54:00.000,Did go to gym,Went to gym to start a streak,Did Go,2025-03-24T22:54:00.000,2025-03-24T22:54:00.000
4j45fb90-12c4-11e5-b939-0800200c9b98,2025-03-23T22:53:00.000,Did not go to gym,Sunday rest day,Did Not Go,2025-03-23T22:53:00.000,2025-03-23T22:53:00.000
5k55fb90-12c4-11e5-b939-0800200c9b99,2025-03-22T22:53:00.000,Did not go to gym,Mummy sick and too bored so found a random reason,Did Not Go,2025-03-22T22:53:00.000,2025-03-22T22:53:00.000
6l65fb90-12c4-11e5-b939-0800200c9c00,2025-03-21T22:52:00.000,Did not go to gym,broed,Did Not Go,2025-03-21T22:52:00.000,2025-03-21T22:52:00.000
7m75fb90-12c4-11e5-b939-0800200c9c01,2025-03-20T22:52:00.000,Did not go to gym,Bored and lazy,Did Not Go,2025-03-20T22:52:00.000,2025-03-20T22:52:00.000
8n85fb90-12c4-11e5-b939-0800200c9c02,2025-03-19T22:52:00.000,Did go to gym,Went to gym to start a streak,Did Go,2025-03-19T22:52:00.000,2025-03-19T22:52:00.000
9o95fb90-12c4-11e5-b939-0800200c9c03,2025-03-18T22:47:00.000,Did not go to gym,Bored and laziness,Did Not Go,2025-03-18T22:47:00.000,2025-03-18T22:47:00.000
0p05fb90-12c4-11e5-b939-0800200c9c04,2025-03-17T22:47:00.000,Did not go to gym,Laziness,Did Not Go,2025-03-17T22:47:00.000,2025-03-17T22:47:00.000
1q15fb90-12c4-11e5-b939-0800200c9c05,2025-03-16T22:47:00.000,Did not go to gym,Holi curse + lazyness,Did Not Go,2025-03-16T22:47:00.000,2025-03-16T22:47:00.000
2r25fb90-12c4-11e5-b939-0800200c9c06,2025-03-15T22:46:00.000,Did not go to gym,Holi curse ,Did Not Go,2025-03-15T22:46:00.000,2025-03-15T22:46:00.000
3s35fb90-12c4-11e5-b939-0800200c9c07,2025-03-14T22:46:00.000,Did not go to the gym,Holi gym closed,Did Not Go,2025-03-14T22:46:00.000,2025-03-14T22:46:00.000
4t45fb90-12c4-11e5-b939-0800200c9c08,2025-03-13T23:03:00.000,Did go to gym,Went to gym tobreak holi curse,Did Go,2025-03-13T23:03:00.000,2025-03-13T23:03:00.000
5u55fb90-12c4-11e5-b939-0800200c9c09,2025-03-12T23:03:00.000,Did go to the gym,Went to continue streak,Did Go,2025-03-12T23:03:00.000,2025-03-12T23:03:00.000
6v65fb90-12c4-11e5-b939-0800200c9c10,2025-03-11T23:03:00.000,Did go to the gym,Went to gym for the start,Did Go,2025-03-11T23:03:00.000,2025-03-11T23:03:00.000
7w75fb90-12c4-11e5-b939-0800200c9c11,2025-03-10T23:03:00.000,Did not go to gym,took a little too much rest and bored af,Did Not Go,2025-03-10T23:03:00.000,2025-03-10T23:03:00.000
8x85fb90-12c4-11e5-b939-0800200c9c12,2025-03-09T23:03:00.000,Did not go to gym,Sunday rest,Did Not Go,2025-03-09T23:03:00.000,2025-03-09T23:03:00.000
9y95fb90-12c4-11e5-b939-0800200c9c13,2025-03-08T23:02:00.000,Did go to gym,Went to gym as wanted to start gym again,Did Go,2025-03-08T23:02:00.000,2025-03-08T23:02:00.000
0z05fb90-12c4-11e5-b939-0800200c9c14,2025-03-07T23:02:00.000,Did not go to gym,Afterfinal ut paper went to play cricket and got tired so didn’t go ,Did Not Go,2025-03-07T23:02:00.000,2025-03-07T23:02:00.000
1a15fb90-12c4-11e5-b939-0800200c9c15,2025-03-06T23:02:00.000,Did not go to the gym,Ut,Did Not Go,2025-03-06T23:02:00.000,2025-03-06T23:02:00.000
2b25fb90-12c4-11e5-b939-0800200c9c16,2025-03-05T23:01:00.000,Did not go to the gym,Ut,Did Not Go,2025-03-05T23:01:00.000,2025-03-05T23:01:00.000
3c35fb90-12c4-11e5-b939-0800200c9c17,2025-03-04T23:01:00.000,Did not go to the gym,Ut prep,Did Not Go,2025-03-04T23:01:00.000,2025-03-04T23:01:00.000
4d45fb90-12c4-11e5-b939-0800200c9c18,2025-03-03T23:00:00.000,Did not go to gym,Ut prep boredoem,Did Not Go,2025-03-03T23:00:00.000,2025-03-03T23:00:00.000
5e55fb90-12c4-11e5-b939-0800200c9c19,2025-03-02T23:00:00.000,Did not go to gym,Ut prep+ mummy birthday celebration,Did Not Go,2025-03-02T23:00:00.000,2025-03-02T23:00:00.000
6f65fb90-12c4-11e5-b939-0800200c9c20,2025-03-01T23:00:00.000,Did not go to gym,Ut prep,Did Not Go,2025-03-01T23:00:00.000,2025-03-01T23:00:00.000
7g75fb90-12c4-11e5-b939-0800200c9c21,2025-02-28T23:43:00.000,Did not go to gym,Was happy I did 7 questions before going to gym then decided to watch yt so didn’t go ,Did Not Go,2025-02-28T23:43:00.000,2025-02-28T23:43:00.000
8h85fb90-12c4-11e5-b939-0800200c9c22,2025-02-27T23:43:00.000,Did go to gym,Went to gym as no one went to college due to heads and tails so went to gym ,Did Go,2025-02-27T23:43:00.000,2025-02-27T23:43:00.000
9i95fb90-12c4-11e5-b939-0800200c9c23,2025-02-26T23:47:00.000,Did not go to gym,deu to maha shiv ratri thought gym will be closed so didn’t go due to boredeom as well ,Did Not Go,2025-02-26T23:47:00.000,2025-02-26T23:47:00.000
0j05fb90-12c4-11e5-b939-0800200c9c24,2025-02-25T23:48:00.000,Did not go to gym,Tried the sick tactics to avoid going to gym ,Did Not Go,2025-02-25T23:48:00.000,2025-02-25T23:48:00.000
1k15fb90-12c4-11e5-b939-0800200c9c25,2025-02-24T23:49:00.000,Did Go to gym,Went to gym after college but came back fast ,Did Go,2025-02-24T23:49:00.000,2025-02-24T23:49:00.000
2l25fb90-12c4-11e5-b939-0800200c9c26,2025-02-23T09:55:00.000,Did not go to gym,Rest day as long day ahed tommorrow,Did Not Go,2025-02-23T09:55:00.000,2025-02-23T09:55:00.000
3m35fb90-12c4-11e5-b939-0800200c9c27,2025-02-22T09:55:00.000,Did go to gym,Made it to the gym even though didn’t want to go to gym because of getting ,Did Go,2025-02-22T09:55:00.000,2025-02-22T09:55:00.000
4n45fb90-12c4-11e5-b939-0800200c9c28,2025-02-21T09:55:00.000,Did go to gym,Motivation at all time high due to weight loss,Did Go,2025-02-21T09:55:00.000,2025-02-21T09:55:00.000
5o55fb90-12c4-11e5-b939-0800200c9c29,2025-02-20T09:55:00.000,Did go to gym,Wanted to continue the streak,Did Go,2025-02-20T09:55:00.000,2025-02-20T09:55:00.000
6p65fb90-12c4-11e5-b939-0800200c9c30,2025-02-19T09:56:00.000,Did go to gym,Wanted to be better than last weeks mitesh,Did Go,2025-02-19T09:56:00.000,2025-02-19T09:56:00.000
7q75fb90-12c4-11e5-b939-0800200c9c31,2025-02-18T09:57:00.000,Did not go to gym,Bored,Did Not Go,2025-02-18T09:57:00.000,2025-02-18T09:57:00.000
8r85fb90-12c4-11e5-b939-0800200c9c32,2025-02-17T09:56:00.000,Did go to gym,Had to buke up and go to gym,Did Go,2025-02-17T09:56:00.000,2025-02-17T09:56:00.000
9s95fb90-12c4-11e5-b939-0800200c9c33,2025-02-16T09:56:00.000,Did not go to gym,Didn’t have it in me ,Did Not Go,2025-02-16T09:56:00.000,2025-02-16T09:56:00.000
0t05fb90-12c4-11e5-b939-0800200c9c34,2025-02-15T09:56:00.000,Did not go to gym,Rest day,Did Not Go,2025-02-15T09:56:00.000,2025-02-15T09:56:00.000
1u15fb90-12c4-11e5-b939-0800200c9c35,2025-02-14T09:58:00.000,Did go to gym,Went to gym after college directy and then got a haircut also watched a movie in college called raincoat,Did Go,2025-02-14T09:58:00.000,2025-02-14T09:58:00.000
2v25fb90-12c4-11e5-b939-0800200c9c36,2025-02-13T09:58:00.000,Did go to gym,Went to gym with intent to go to gym,Did Go,2025-02-13T09:58:00.000,2025-02-13T09:58:00.000
3w35fb90-12c4-11e5-b939-0800200c9c37,2025-02-12T09:58:00.000,Did go to gym,Just went to continue streak,Did Go,2025-02-12T09:58:00.000,2025-02-12T09:58:00.000
4x45fb90-12c4-11e5-b939-0800200c9c38,2025-02-11T09:59:00.000,Did go to gym,Went to gym coz Monday ko rest lia ,Did Go,2025-02-11T09:59:00.000,2025-02-11T09:59:00.000
5y55fb90-12c4-11e5-b939-0800200c9c39,2025-02-10T23:59:00.000,Did not go to gym,Rest day,Did Not Go,2025-02-10T23:59:00.000,2025-02-10T23:59:00.000
6z65fb90-12c4-11e5-b939-0800200c9c40,2025-02-09T00:00:00.000,Did go to gym,Woke up early and went to gym coz nikhil and familiy was coming for dogis bolni part 1,Did Go,2025-02-09T00:00:00.000,2025-02-09T00:00:00.000
7a75fb90-12c4-11e5-b939-0800200c9c41,2025-02-08T00:01:00.000,Did go to gym,Had sat free so went to gym,Did Go,2025-02-08T00:01:00.000,2025-02-08T00:01:00.000
8b85fb90-12c4-11e5-b939-0800200c9c42,2025-02-07T00:01:00.000,Did go to gym,Did a 32 hr fast in which went to college and then had enough motivation to go to,Did Go;Fast,2025-02-07T00:01:00.000,2025-02-07T00:01:00.000
9c95fb90-12c4-11e5-b939-0800200c9c43,2025-02-06T00:01:00.000,Did go to gym,Did a 36 hr fast and then went to college and then had motivation so went to gym,Did Go;Fast,2025-02-06T00:01:00.000,2025-02-06T00:01:00.000
0d05fb90-12c4-11e5-b939-0800200c9c44,2025-02-05T00:02:00.000,Did go to gym,Went to college and then went to gym,Did Go,2025-02-05T00:02:00.000,2025-02-05T00:02:00.000
1e15fb90-12c4-11e5-b939-0800200c9c45,2025-02-04T00:02:00.000,Did not go to gym,Sick acting,Did Not Go,2025-02-04T00:02:00.000,2025-02-04T00:02:00.000
2f25fb90-12c4-11e5-b939-0800200c9c46,2025-02-03T00:02:00.000,Did not go to gym,Sick,Did Not Go,2025-02-03T00:02:00.000,2025-02-03T00:02:00.000
3g35fb90-12c4-11e5-b939-0800200c9c47,2025-02-02T00:02:00.000,Did not go to gym,Slept due to Sunday,Did Not Go,2025-02-02T00:02:00.000,2025-02-02T00:02:00.000
4h45fb90-12c4-11e5-b939-0800200c9c48,2025-02-01T00:02:00.000,Did not go to gym,Had dry skin grow on hand and didn't go to gym and told family stomach was not feeling good,Did Not Go,2025-02-01T00:02:00.000,2025-02-01T00:02:00.000
5i55fb90-12c4-11e5-b939-0800200c9c49,2025-01-31T00:04:00.000,Did not go to gym,Went to varaha attya for telling Didi's imp thing and ate butter chicken+ biryani,Did Not Go,2025-01-31T00:04:00.000,2025-01-31T00:04:00.000
7h75fb90-12c4-11e5-b939-0800200c9c4b,2025-01-30T22:47:00.000,Did go to gym,Went to gym,Did Go,2025-01-30T22:47:00.000,2025-01-30T22:47:00.000
8i85fb90-12c4-11e5-b939-0800200c9c4c,2025-01-29T22:47:00.000,Did go to gym,Went to gym but faced lazyness and did the coin flip thing,Did Go,2025-01-29T22:47:00.000,2025-01-29T22:47:00.000
9j95fb90-12c4-11e5-b939-0800200c9c4d,2025-01-27T22:47:00.000,Did go to gym,went to loose weight,Did Go,2025-01-27T22:47:00.000,2025-01-27T22:47:00.000
0k05fb90-12c4-11e5-b939-0800200c9c4e,2025-01-26T22:47:00.000,Did gym at home,Did gym at home since gym was closed,Did Not Go,2025-01-26T22:47:00.000,2025-01-26T22:47:00.000
1l15fb90-12c4-11e5-b939-0800200c9c4f,2025-01-25T23:29:00.000,Did go to gym,Went to gymto continue streak,Did Go,2025-01-25T23:29:00.000,2025-01-25T23:29:00.000
2m25fb90-12c4-11e5-b939-0800200c9c50,2025-01-24T22:48:00.000,Did go to gym,Went to gym just by habbit,Did Go,2025-01-24T22:48:00.000,2025-01-24T22:48:00.000
3n35fb90-12c4-11e5-b939-0800200c9c51,2025-01-23T22:48:00.000,Did go to gym,Was home all day and went to gym,Did Go,2025-01-23T22:48:00.000,2025-01-23T22:48:00.000
4o45fb90-12c4-11e5-b939-0800200c9c52,2025-01-22T22:49:00.000,Did go to gym,Got document from college and decided to go to gym,Did Go,2025-01-22T22:49:00.000,2025-01-22T22:49:00.000
5p55fb90-12c4-11e5-b939-0800200c9c53,2025-01-21T22:49:00.000,Did go to gym,Didn’t go to college so was at home and went to gym,Did Go,2025-01-21T22:49:00.000,2025-01-21T22:49:00.000
6q65fb90-12c4-11e5-b939-0800200c9c54,2025-01-20T22:50:00.000,Did go to gym,Just sitting at home so went to gym,Did Go,2025-01-20T22:50:00.000,2025-01-20T22:50:00.000
7r75fb90-12c4-11e5-b939-0800200c9c55,2025-01-19T00:18:00.000,Did not go to gym,Slept and woke up late,Did Not Go,2025-01-19T00:18:00.000,2025-01-19T00:18:00.000
8s85fb90-12c4-11e5-b939-0800200c9c56,2025-01-18T00:17:00.000,Did go to gym,Had motivation from yesterday and wanted to go to birthday so went to gym,Did Go,2025-01-18T00:17:00.000,2025-01-18T00:17:00.000
9t95fb90-12c4-11e5-b939-0800200c9c57,2025-01-17T00:17:00.000,Did go to gym,Was excited abt going to mall so went to gym,Did Go,2025-01-17T00:17:00.000,2025-01-17T00:17:00.000
0u05fb90-12c4-11e5-b939-0800200c9c58,2025-01-16T22:40:00.000,Did go to gym,Was not gonna go to gym but got a call from school peeps abt meeting at anupam so went to gym,Did Go,2025-01-16T22:40:00.000,2025-01-16T22:40:00.000
1v15fb90-12c4-11e5-b939-0800200c9c59,2025-01-15T00:10:00.000,Did not go to gym,Really tired from going to college took coffe to reduce sleep but very tired so did not go to gym,Did Not Go,2025-01-15T00:10:00.000,2025-01-15T00:10:00.000
2w25fb90-12c4-11e5-b939-0800200c9c60,2025-01-14T22:48:00.000,Did go to gym,Was tired byworking on habitkit and was too depressed about not going to gym,Did Go,2025-01-14T22:48:00.000,2025-01-14T22:48:00.000
3x35fb90-12c4-11e5-b939-0800200c9c61,2025-01-13T00:12:00.000,Did not go to gym,Was bored to work on habitkit and wass pissed at myself so I didn’tgo,Did Not Go,2025-01-13T00:12:00.000,2025-01-13T00:12:00.000
4y45fb90-12c4-11e5-b939-0800200c9c62,2025-01-12T22:38:00.000,Did not go to gym,Was Sleeping,Did Not Go,2025-01-12T22:38:00.000,2025-01-12T22:38:00.000
5z55fb90-12c4-11e5-b939-0800200c9c63,2025-01-11T22:38:00.000,Did not go to gym,Was working on Habitkit so got busy in it and was too busy in the zone,Did Not Go,2025-01-11T22:38:00.000,2025-01-11T22:38:00.000
6a65fb90-12c4-11e5-b939-0800200c9c64,2025-01-10T22:38:00.000,Did not go to gym,Was lazy even removed tshirt and stood in front of mirror and then did a coin flip,Did Not Go,2025-01-10T22:38:00.000,2025-01-10T22:38:00.000
7b75fb90-12c4-11e5-b939-0800200c9c65,2025-01-09T22:38:00.000,Did go to the gym,Had tasks and some motivation also wanted to see if I can pull 3 in one day ,Did Go,2025-01-09T22:38:00.000,2025-01-09T22:38:00.000
8c85fb90-12c4-11e5-b939-0800200c9c66,2025-01-08T17:26:00.000,Did not go to gym,Was looking for Jobs and then was\nbored and laziness kicked in ,Did Not Go,2025-01-08T17:26:00.000,2025-01-08T17:26:00.000
9d95fb90-12c4-11e5-b939-0800200c9c67,2025-01-07T17:26:00.000,Did go to gym,Decided to go get some tasks doen so yay gym,Did Go,2025-01-07T17:26:00.000,2025-01-07T17:26:00.000
0e05fb90-12c4-11e5-b939-0800200c9c68,2025-01-06T22:38:00.000,Did not go to gym,Tomorrow was first day of college so\n decided so very last day of vacation,Did Not Go,2025-01-06T22:38:00.000,2025-01-06T22:38:00.000
1f15fb90-12c4-11e5-b939-0800200c9c69,2025-01-05T22:38:00.000,Did not go to the gym,Slept due to Sunday,Did Not Go,2025-01-05T22:38:00.000,2025-01-05T22:38:00.000
2g25fb90-12c4-11e5-b939-0800200c9c70,2025-01-04T22:38:00.000,Did go to gym,Hit legs. Used motivation from yesterday and just started to get ready,Did Go,2025-01-04T22:38:00.000,2025-01-04T22:38:00.000
3h35fb90-12c4-11e5-b939-0800200c9c71,2025-01-03T22:38:00.000,Did go to gym,Was having motivation from going to bank and last night's walk,Did Go,2025-01-03T22:38:00.000,2025-01-03T22:38:00.000
4i45fb90-12c4-11e5-b939-0800200c9c72,2025-01-02T22:38:00.000,Did go to gym,Was bored and vineet and gang was comming soon decided to be a coward,Did Go,2025-01-02T22:38:00.000,2025-01-02T22:38:00.000
5j55fb90-12c4-11e5-b939-0800200c9c73,2025-01-01T22:37:00.000,Did not go to gym,Was bored and told family gym construction so no gym,Did Not Go,2025-01-01T22:37:00.000,2025-01-01T22:37:00.000
6k65fb90-12c4-11e5-b939-0800200c9c74,2025-10-31T03:32:00.000,Did not go to gym,Chickened out,Did Not Go,2025-10-31T03:32:00.000,2025-10-31T03:32:00.000
7l75fb90-12c4-11e5-b939-0800200c9c75,2025-10-30T03:31:00.000,Did not go to gym,Chickened out,Did Not Go,2025-10-30T03:31:00.000,2025-10-30T03:31:00.000
8m85fb90-12c4-11e5-b939-0800200c9c76,2025-10-29T03:31:00.000,Did not go to gym,Chickened out,Did Not Go,2025-10-29T03:31:00.000,2025-10-29T03:31:00.000
9n95fb90-12c4-11e5-b939-0800200c9c77,2025-10-28T03:30:00.000,Did go to gym,Just have it idk how to describe\n Day 3 of water fast,Did Go;Fast,2025-10-28T03:30:00.000,2025-10-28T03:30:00.000
0o05fb90-12c4-11e5-b939-0800200c9c78,2025-10-27T03:28:00.000,Did go to gym,Just Went to gym Day 2 of 14 day water fast,Did Go;Fast,2025-10-27T03:28:00.000,2025-10-27T03:28:00.000
1p15fb90-12c4-11e5-b939-0800200c9c79,2025-10-26T03:27:00.000,Did not go to gym,Woke up at 10 but just didn't go as I was bored,Did Not Go;Fast,2025-10-26T03:27:00.000,2025-10-26T03:27:00.000
2q25fb90-12c4-11e5-b939-0800200c9c7a,2025-10-25T03:25:00.000,Did not go to gym,Tired after sakhar puda and couldn't find the motivation,Did Not Go,2025-10-25T03:25:00.000,2025-10-25T03:25:00.000
3r35fb90-12c4-11e5-b939-0800200c9c7b,2025-10-24T15:21:00.000,Did not go to gym,Was busy in work at sakhar puda and couldn't go in morning due to missing paizama and had to go to parichay in morning ,Did Not Go,2025-10-24T15:21:00.000,2025-10-24T15:21:00.000
4s45fb90-12c4-11e5-b939-0800200c9c7c,2025-10-23T15:21:00.000,Did go to gym,Was at home Celebrating Last bhau biz with didi and all,Did Go,2025-10-23T15:21:00.000,2025-10-23T15:21:00.000
5t55fb90-12c4-11e5-b939-0800200c9c7d,2025-10-22T23:56:00.000,Did go to gym,Just went ,Did Go,2025-10-22T23:56:00.000,2025-10-22T23:56:00.000
6u65fb90-12c4-11e5-b939-0800200c9c7e,2025-10-21T23:55:00.000,Did not go to gym,Chickened out,Did Not Go,2025-10-21T23:55:00.000,2025-10-21T23:55:00.000
7v75fb90-12c4-11e5-b939-0800200c9c7f,2025-10-20T23:54:00.000,Did go to the gym,Went to gym but gym was closed,Did Go,2025-10-20T23:54:00.000,2025-10-20T23:54:00.000
8w85fb90-12c4-11e5-b939-0800200c9c80,2025-10-19T23:54:00.000,Did not go to gym,Just decided not to go,Did Not Go,2025-10-19T23:54:00.000,2025-10-19T23:54:00.000
9x95fb90-12c4-11e5-b939-0800200c9c81,2025-10-18T23:54:00.000,Did not go to gym,Just decided not to go,Did Not Go,2025-10-18T23:54:00.000,2025-10-18T23:54:00.000
0y05fb90-12c4-11e5-b939-0800200c9c82,2025-10-17T23:54:00.000,Did not go to gym,Just decided not to go,Did Not Go,2025-10-17T23:54:00.000,2025-10-17T23:54:00.000
1z15fb90-12c4-11e5-b939-0800200c9c83,2025-10-16T23:53:00.000,Did not go to gym,Just decided not to go,Did Not Go,2025-10-16T23:53:00.000,2025-10-16T23:53:00.000
2a25fb90-12c4-11e5-b939-0800200c9c84,2025-10-15T23:53:00.000,Did not go to gym,Just decided not to go,Did Not Go,2025-10-15T23:53:00.000,2025-10-15T23:53:00.000
3b35fb90-12c4-11e5-b939-0800200c9c85,2025-10-14T23:52:00.000,Did not go to gym,UT Prep,Did Not Go,2025-10-14T23:52:00.000,2025-10-14T23:52:00.000
4c45fb90-12c4-11e5-b939-0800200c9c86,2025-10-13T23:51:00.000,Did not go to gym,UT Prep,Did Not Go,2025-10-13T23:51:00.000,2025-10-13T23:51:00.000
5d55fb90-12c4-11e5-b939-0800200c9c87,2025-10-12T23:50:00.000,Did not go to gym,UT Prep,Did Not Go,2025-10-12T23:50:00.000,2025-10-12T23:50:00.000
6e65fb90-12c4-11e5-b939-0800200c9c88,2025-10-11T23:50:00.000,Did not go to gym,Just decided not to go,Did Not Go,2025-10-11T23:50:00.000,2025-10-11T23:50:00.000
7f75fb90-12c4-11e5-b939-0800200c9c89,2025-10-10T23:49:00.000,Did not go to gym,Chickened out,Did Not Go,2025-10-10T23:49:00.000,2025-10-10T23:49:00.000
8g85fb90-12c4-11e5-b939-0800200c9c8a,2025-10-09T23:49:00.000,Did not go to gym,In a slump,Did Not Go,2025-10-09T23:49:00.000,2025-10-09T23:49:00.000
9h95fb90-12c4-11e5-b939-0800200c9c8b,2025-10-08T23:48:00.000,Did not go to gym,Just cause,Did Not Go,2025-10-08T23:48:00.000,2025-10-08T23:48:00.000
0i05fb90-12c4-11e5-b939-0800200c9c8c,2025-10-07T23:48:00.000,Did not go to gym,Way too depressed aftef capgemini,Did Not Go,2025-10-07T23:48:00.000,2025-10-07T23:48:00.000
1j15fb90-12c4-11e5-b939-0800200c9c8d,2025-10-06T23:48:00.000,Did not go to gym,Afraid about Capgemini prep,Did Not Go,2025-10-06T23:48:00.000,2025-10-06T23:48:00.000
2k25fb90-12c4-11e5-b939-0800200c9c8e,2025-10-05T23:47:00.000,Did not go to gym,Woke up early and went to parichay,Did Not Go,2025-10-05T23:47:00.000,2025-10-05T23:47:00.000
3l35fb90-12c4-11e5-b939-0800200c9c8f,2025-10-04T23:47:00.000,Did not go to gym,Incompetient,Did Not Go,2025-10-04T23:47:00.000,2025-10-04T23:47:00.000
4m45fb90-12c4-11e5-b939-0800200c9c90,2025-10-03T23:25:00.000,Did not go to gym,Went to college then joeys then mandir then prathams and thn didn’t know what happened but did not go,Did Not Go,2025-10-03T23:25:00.000,2025-10-03T23:25:00.000
5n55fb90-12c4-11e5-b939-0800200c9c91,2025-10-02T23:25:00.000,Did not go to gym,Don’t know what happened,Did Not Go,2025-10-02T23:25:00.000,2025-10-02T23:25:00.000
6o65fb90-12c4-11e5-b939-0800200c9c92,2025-10-01T23:24:00.000,Did not go to gym,10 Day  Fast\nDay 10,Did Not Go;Fast,2025-10-01T23:24:00.000,2025-11-22T20:57:52.871554
7p75fb90-12c4-11e5-b939-0800200c9c93,2025-09-30T23:23:00.000,Did not go to gym,10 Day  Fast\nDay 9,Did Not Go;Fast,2025-09-30T23:23:00.000,2025-11-22T20:57:55.720039
8q85fb90-12c4-11e5-b939-0800200c9c94,2025-09-29T21:41:00.000,Did not go to gym,10 Day  Fast\nDay 8,Did Not Go;Fast,2025-09-29T21:41:00.000,2025-11-22T20:58:02.045670
9r95fb90-12c4-11e5-b939-0800200c9c95,2025-09-28T21:31:00.000,Did not go to gym,10 Day  Fast\nDay 7,Did Not Go;Fast,2025-09-28T21:31:00.000,2025-09-28T21:31:00.000
0s05fb90-12c4-11e5-b939-0800200c9c96,2025-09-27T21:31:00.000,Did not go to gym,10 Day  Fast\nDay 6,Did Not Go;Fast,2025-09-27T21:31:00.000,2025-11-22T20:58:06.603341
1t15fb90-12c4-11e5-b939-0800200c9c97,2025-09-26T21:31:00.000,Did not go to gym,10 Day  Fast\nDay 5,Did Not Go;Fast,2025-09-26T21:31:00.000,2025-11-22T20:58:10.237473
2u25fb90-12c4-11e5-b939-0800200c9c98,2025-09-25T21:30:00.000,Did not go to gym,10 Day  Fast\nDay 4,Did Not Go;Fast,2025-09-25T21:30:00.000,2025-11-22T20:58:13.320364
3v35fb90-12c4-11e5-b939-0800200c9c99,2025-09-24T21:30:00.000,Did not go to gym,10 Day  Fast\nDay 3,Did Not Go;Fast,2025-09-24T21:30:00.000,2025-11-22T20:58:15.882924
4w45fb90-12c4-11e5-b939-0800200c9ca0,2025-09-23T21:30:00.000,Did not go to gym,10 Day  Fast\nDay 2,Did Not Go;Fast,2025-09-23T21:30:00.000,2025-11-22T20:58:19.370196
5x55fb90-12c4-11e5-b939-0800200c9ca1,2025-09-22T21:30:00.000,Did not go to gym,Started a 10 Day  Fast\nDay 1,Did Not Go;Fast,2025-09-22T21:30:00.000,2025-11-22T20:58:21.668489
6y65fb90-12c4-11e5-b939-0800200c9ca2,2025-09-21T21:30:00.000,Did not go to gym,Did not go to gym,Did Not Go,2025-09-21T21:30:00.000,2025-09-21T21:30:00.000
7z75fb90-12c4-11e5-b939-0800200c9ca3,2025-09-20T23:10:00.000,Did not go to gym,Bored af,Did Not Go,2025-09-20T23:10:00.000,2025-09-20T23:10:00.000
8a85fb90-12c4-11e5-b939-0800200c9ca4,2025-09-19T23:10:00.000,Did not go to gym,Bored af,Did Not Go,2025-09-19T23:10:00.000,2025-09-19T23:10:00.000
9b95fb90-12c4-11e5-b939-0800200c9ca5,2025-09-18T23:10:00.000,Did not go to gym,Bored af,Did Not Go,2025-09-18T23:10:00.000,2025-09-18T23:10:00.000
0c05fb90-12c4-11e5-b939-0800200c9ca6,2025-09-17T23:10:00.000,Did not go to gym,Bored af,Did Not Go,2025-09-17T23:10:00.000,2025-09-17T23:10:00.000
1d15fb90-12c4-11e5-b939-0800200c9ca7,2025-09-16T23:00:00.000,Did not go to gym,Bored af,Did Not Go,2025-09-16T23:00:00.000,2025-09-16T23:00:00.000
2e25fb90-12c4-11e5-b939-0800200c9ca8,2025-09-15T23:00:00.000,Did not go to gym,Bored af,Did Not Go,2025-09-15T23:00:00.000,2025-09-15T23:00:00.000
3f35fb90-12c4-11e5-b939-0800200c9ca9,2025-09-14T23:00:00.000,Did not go to gym,Woke up late day 7,Did Not Go;Fast,2025-09-14T23:00:00.000,2025-09-14T23:00:00.000
4g45fb90-12c4-11e5-b939-0800200c9cb0,2025-09-13T22:47:00.000,Did not go to gym,Bored af day 6,Did Not Go;Fast,2025-09-13T22:47:00.000,2025-09-13T22:47:00.000
5h55fb90-12c4-11e5-b939-0800200c9cb1,2025-09-12T22:40:00.000,Did not go to gym,Just decided not to go day 5,Did Not Go;Fast,2025-09-12T22:40:00.000,2025-09-12T22:40:00.000
6i65fb90-12c4-11e5-b939-0800200c9cb2,2025-09-11T21:26:00.000,Did not go to gym,Was tired so didn't go day 4,Did Not Go;Fast,2025-09-11T21:26:00.000,2025-09-11T21:26:00.000
7j75fb90-12c4-11e5-b939-0800200c9cb3,2025-09-10T19:26:00.000,Did not go to gym,Was tired from college and came home and slept day 3 of fasting ,Did Not Go;Fast,2025-09-10T19:26:00.000,2025-09-10T19:26:00.000
8k85fb90-12c4-11e5-b939-0800200c9cb4,2025-09-09T22:59:00.000,Did not go to gym,Chickened out\nDay 2 of Fast ,Did Not Go;Fast,2025-09-09T22:59:00.000,2025-11-22T20:58:36.898547
9l95fb90-12c4-11e5-b939-0800200c9cb5,2025-09-08T22:59:00.000,Did not go to gym,Chickened out\nDay 1 of 7 day Fast,Did Not Go;Fast,2025-09-08T22:59:00.000,2025-11-22T20:58:39.404807
0m05fb90-12c4-11e5-b939-0800200c9cb6,2025-09-07T22:58:00.000,Did not go to gym,Came home from saanchi late and was unable to go to gym cos I was tired,Did Not Go,2025-09-07T22:58:00.000,2025-09-07T22:58:00.000
1n15fb90-12c4-11e5-b939-0800200c9cb7,2025-09-06T21:46:00.000,Did not go to gym,Went to saanchi for ganpati celebration,Did Not Go,2025-09-06T21:46:00.000,2025-09-06T21:46:00.000
2o25fb90-12c4-11e5-b939-0800200c9cb8,2025-09-05T22:27:00.000,Did not go to gym,Went to saanchi for ganpati celebration,Did Not Go,2025-09-05T22:27:00.000,2025-09-05T22:27:00.000
3p35fb90-12c4-11e5-b939-0800200c9cb9,2025-09-04T22:27:00.000,Did not go to gym,Went to saanchi for ganpati celebration,Did Not Go,2025-09-04T22:27:00.000,2025-09-04T22:27:00.000
4q45fb90-12c4-11e5-b939-0800200c9cc0,2025-09-03T22:29:00.000,Did not go to gym,Just decided to have a me day and woke up at 2 had lunch at 5 so no gym,Did Not Go,2025-09-03T22:29:00.000,2025-09-03T22:29:00.000
5r55fb90-12c4-11e5-b939-0800200c9cc1,2025-09-02T22:29:00.000,Did not go to gym,Vacation fatigue and homesick,Did Not Go,2025-09-02T22:29:00.000,2025-09-02T22:29:00.000
6s65fb90-12c4-11e5-b939-0800200c9cc2,2025-09-01T22:29:00.000,Did not go to gym,Went to Vandu tai for ganpati home,Did Not Go,2025-09-01T22:29:00.000,2025-09-01T22:29:00.000
7t75fb90-12c4-11e5-b939-0800200c9cc3,2025-08-31T23:15:00.000,Did not go to gym,Went to nikhils wasted a day,Did Not Go,2025-08-31T23:15:00.000,2025-08-31T23:15:00.000
8u85fb90-12c4-11e5-b939-0800200c9cc4,2025-08-30T23:13:00.000,Did not go to gym,Pure lack of consistancy and lazyness,Did Not Go,2025-08-30T23:13:00.000,2025-08-30T23:13:00.000
9v95fb90-12c4-11e5-b939-0800200c9cc5,2025-08-29T23:02:00.000,Did not go to gym,Tired but could have cone wasted a day ,Did Not Go,2025-08-29T23:02:00.000,2025-08-29T23:02:00.000
0w05fb90-12c4-11e5-b939-0800200c9cc6,2025-08-28T23:00:00.000,Did not go to gym,Ganpati bappa at home so got tired and got no time ,Did Not Go,2025-08-28T23:00:00.000,2025-08-28T23:00:00.000
1x15fb90-12c4-11e5-b939-0800200c9cc7,2025-08-27T22:58:00.000,Did not go to gym,Ganpati bappa at home so got tired  ,Did Not Go,2025-08-27T22:58:00.000,2025-08-27T22:58:00.000
2y25fb90-12c4-11e5-b939-0800200c9cc8,2025-08-26T23:53:00.000,Did not go to gym,Ganapati bappa perp gave no time,Did Not Go,2025-08-26T23:53:00.000,2025-08-26T23:53:00.000
3z35fb90-12c4-11e5-b939-0800200c9cc9,2025-08-25T23:54:00.000,Did not go to gym,Ganapati bappa perp and bored af,Did Not Go,2025-08-25T23:54:00.000,2025-08-25T23:54:00.000
4a45fb90-12c4-11e5-b939-0800200c9cd0,2025-08-24T23:53:00.000,Did not go to gym,Went to aagman and bought gold colour ,Did Not Go,2025-08-24T23:53:00.000,2025-08-24T23:53:00.000
5b55fb90-12c4-11e5-b939-0800200c9cd1,2025-08-23T23:45:00.000,Did not go to gym,Bored af,Did Not Go,2025-08-23T23:45:00.000,2025-08-23T23:45:00.000
6c65fb90-12c4-11e5-b939-0800200c9cd2,2025-08-22T23:44:00.000,Did go to gym,Went to gym to start a new me ,Did Go,2025-08-22T23:44:00.000,2025-08-22T23:44:00.000
7d75fb90-12c4-11e5-b939-0800200c9cd3,2025-08-21T23:44:00.000,Did not go to gym,Bored af,Did Not Go,2025-08-21T23:44:00.000,2025-08-21T23:44:00.000
8e85fb90-12c4-11e5-b939-0800200c9cd4,2025-08-20T23:44:00.000,Did not go to gym,Too much rain and no mood to go ,Did Not Go,2025-08-20T23:44:00.000,2025-08-20T23:44:00.000
9f95fb90-12c4-11e5-b939-0800200c9cd5,2025-08-19T23:11:00.000,Did not go to gym,Ut,Did Not Go,2025-08-19T23:11:00.000,2025-08-19T23:11:00.000
0g05fb90-12c4-11e5-b939-0800200c9cd6,2025-08-18T23:11:00.000,Did not go to gym,Ut,Did Not Go,2025-08-18T23:11:00.000,2025-08-18T23:11:00.000
1h15fb90-12c4-11e5-b939-0800200c9cd7,2025-08-17T23:11:00.000,Did not go to gym,Ut,Did Not Go,2025-08-17T23:11:00.000,2025-08-17T23:11:00.000
2i25fb90-12c4-11e5-b939-0800200c9cd8,2025-08-16T22:50:00.000,Did not go to gym,Ut prep,Did Not Go,2025-08-16T22:50:00.000,2025-08-16T22:50:00.000
3j35fb90-12c4-11e5-b939-0800200c9cd9,2025-08-15T22:50:00.000,Did not go to gym,Gym closed,Did Not Go,2025-08-15T22:50:00.000,2025-08-15T22:50:00.000
4k45fb90-12c4-11e5-b939-0800200c9ce0,2025-08-14T23:50:00.000,Did not go to gym,Ut prep,Did Not Go,2025-08-14T23:50:00.000,2025-08-14T23:50:00.000
5l55fb90-12c4-11e5-b939-0800200c9ce1,2025-08-13T23:50:00.000,Did not go to gym,Ut prep,Did Not Go,2025-08-13T23:50:00.000,2025-08-13T23:50:00.000
6m65fb90-12c4-11e5-b939-0800200c9ce2,2025-08-12T22:46:00.000,Did not go to gym,Ut prep,Did Not Go,2025-08-12T22:46:00.000,2025-08-12T22:46:00.000
7n75fb90-12c4-11e5-b939-0800200c9ce3,2025-08-11T22:40:00.000,Did not go to gym,Bored and ut prep,Did Not Go,2025-08-11T22:40:00.000,2025-08-11T22:40:00.000
8o85fb90-12c4-11e5-b939-0800200c9ce4,2025-08-10T22:40:00.000,Did not go to gym,Bored af,Did Not Go,2025-08-10T22:40:00.000,2025-08-10T22:40:00.000
9p95fb90-12c4-11e5-b939-0800200c9ce5,2025-08-09T23:49:00.000,Did not go to gym,Went to crawford market for ganapati shopping,Did Not Go,2025-08-09T23:49:00.000,2025-08-09T23:49:00.000
0q05fb90-12c4-11e5-b939-0800200c9ce6,2025-08-08T23:49:00.000,Did not go to gym,Bored af,Did Not Go,2025-08-08T23:49:00.000,2025-08-08T23:49:00.000
1r15fb90-12c4-11e5-b939-0800200c9ce7,2025-08-07T23:47:00.000,Did not go to gym,Bored af,Did Not Go,2025-08-07T23:47:00.000,2025-08-07T23:47:00.000
2s25fb90-12c4-11e5-b939-0800200c9ce8,2025-08-06T23:47:00.000,Did go to gym,Wanted to continue streak ,Did Go,2025-08-06T23:47:00.000,2025-08-06T23:47:00.000
3t35fb90-12c4-11e5-b939-0800200c9ce9,2025-08-05T23:44:00.000,Did go to gym,Came from college early so went to gym ,Did Go,2025-08-05T23:44:00.000,2025-08-05T23:44:00.000
4u45fb90-12c4-11e5-b939-0800200c9cf0,2025-08-04T23:44:00.000,Did not go to gym,Bored af,Did Not Go,2025-08-04T23:44:00.000,2025-08-04T23:44:00.000
5v55fb90-12c4-11e5-b939-0800200c9cf1,2025-08-03T23:44:00.000,Did not go to gym,Bored af,Did Not Go,2025-08-03T23:44:00.000,2025-08-03T23:44:00.000
6w65fb90-12c4-11e5-b939-0800200c9cf2,2025-08-02T23:44:00.000,Did not go to gym,Bored af,Did Not Go,2025-08-02T23:44:00.000,2025-08-02T23:44:00.000
7x75fb90-12c4-11e5-b939-0800200c9cf3,2025-08-01T23:44:00.000,Did not go to gym,Bored af,Did Not Go,2025-08-01T23:44:00.000,2025-08-01T23:44:00.000
8y85fb90-12c4-11e5-b939-0800200c9cf4,2025-07-31T22:50:00.000,Did not go to gym,Bored af,Did Not Go,2025-07-31T22:50:00.000,2025-07-31T22:50:00.000
9z95fb90-12c4-11e5-b939-0800200c9cf5,2025-11-10T12:03:00.000,Did not go to gym,Tired af,Did Not Go,2025-11-10T12:03:00.000,2025-11-10T12:03:00.000
0a06fb90-12c4-11e5-b939-0800200c9cf6,2025-11-09T12:03:00.000,Did not go to gym,Sem prep,Did Not Go,2025-11-09T12:03:00.000,2025-11-09T12:03:00.000
1b16fb90-12c4-11e5-b939-0800200c9cf7,2025-11-08T12:03:00.000,Did not go to gym,Chickened out,Did Not Go,2025-11-08T12:03:00.000,2025-11-08T12:03:00.000
2c26fb90-12c4-11e5-b939-0800200c9cf8,2025-11-07T12:03:00.000,Did not go to gym,Chickened out,Did Not Go,2025-11-07T12:03:00.000,2025-11-07T12:03:00.000
3d36fb90-12c4-11e5-b939-0800200c9cf9,2025-11-06T12:02:00.000,Did not go to gym,Chickened out,Did Not Go,2025-11-06T12:02:00.000,2025-11-06T12:02:00.000
4e46fb90-12c4-11e5-b939-0800200c9d00,2025-11-05T12:02:00.000,Did not go to gym,Chickened out,Did Not Go,2025-11-05T12:02:00.000,2025-11-05T12:02:00.000
5f56fb90-12c4-11e5-b939-0800200c9d01,2025-11-04T12:02:00.000,Did go to gym,Just went idk,Did Go,2025-11-04T12:02:00.000,2025-11-04T12:02:00.000
6g66fb90-12c4-11e5-b939-0800200c9d02,2025-11-03T12:02:00.000,Did not go to gym,Chickened out,Did Not Go,2025-11-03T12:02:00.000,2025-11-03T12:02:00.000
7h76fb90-12c4-11e5-b939-0800200c9d03,2025-11-02T12:01:00.000,Did not go to gym,Chickened out,Did Not Go,2025-11-02T12:01:00.000,2025-11-02T12:01:00.000
8i86fb90-12c4-11e5-b939-0800200c9d04,2025-11-01T12:01:00.000,Did not go to gym,Chickened out,Did Not Go,2025-11-01T12:01:00.000,2025-11-01T12:01:00.000
f0000a47-9a39-4f4a-b336-0caef6b415af,2025-11-22T19:11:59.744845,Did not go to gym,made this app,Did Not Go,2025-11-22T19:12:11.923698,2025-11-22T19:12:11.926661
